"Source","ArchivePath","Bytes","SHA256"
"D:\Workspaces\Artifacts\Radiance-Behavior-Summary-20260914\compatibility.md","Radiance-Behavior-Summary-20260914\compatibility.md","18885","FE76E3EA650E70DCFCE191449177B8E27BA064CC9F5880F6620F5742F393A5E7"
"D:\Workspaces\Artifacts\Radiance-Behavior-Summary-20260914\read-only-verification.json","Radiance-Behavior-Summary-20260914\read-only-verification.json","363","33F08D7DEF21D4FBCDCCEF9BE922B735E592CD588C55D8167ABFBBC01244C631"
"D:\Workspaces\Artifacts\Radiance-Behavior-Summary-20260914\README.md","Radiance-Behavior-Summary-20260914\README.md","52515","7C1D4DB487D005139293AC065362EE45946C7DE38CC9D96AB6F406D20FAE58CE"
"D:\Workspaces\Artifacts\Radiance-Behavior-Summary-20260914\summary.json","Radiance-Behavior-Summary-20260914\summary.json","47083","3AA33C6F1D3160234D8AC491F15FBAF395F75E17B0D1D5607145FFFAC9E833AC"
"D:\Workspaces\Artifacts\Radiance-EarlyDisplay-Assessment-20260914\loading.md","Radiance-EarlyDisplay-Assessment-20260914\loading.md","10913","DF9AF37DA7A03711E8605ACD6B02BD11BFC1B312F4908A07E8369639B18B8DCC"
"D:\Workspaces\Artifacts\Radiance-EarlyDisplay-Assessment-20260914\README.md","Radiance-EarlyDisplay-Assessment-20260914\README.md","9402","37E58D94F96604162F41464D530699B3CE9D54C206E62A90D956AC6ED6E3A4C5"
"D:\Workspaces\Artifacts\Radiance-EarlyDisplay-Assessment-20260914\source-verification.json","Radiance-EarlyDisplay-Assessment-20260914\source-verification.json","141","7AC8C296F9F24526D4A2C7E3D1A9089BABA6FA5AB75B96FE165B08D012F13BB6"
"D:\Workspaces\Artifacts\Radiance-EarlyDisplay-Isolation-20260914\launch-state.json","Radiance-EarlyDisplay-Isolation-20260914\launch-state.json","382","F028A8288F761BA7D07A79FBACD5E1D1D9B95158BCCB9A4C85F91E81473FE6E6"
"D:\Workspaces\Artifacts\Radiance-EarlyDisplay-Isolation-20260914\README.md","Radiance-EarlyDisplay-Isolation-20260914\README.md","1418","B0E0DCB98C4304FDAEE8399E5EDA1D1BE3B786EFD4A6B68868ED681ED43F448F"
"D:\Workspaces\Artifacts\Radiance-EarlyWindow-Fix-20260825\targeted-fix-verification.md","Radiance-EarlyWindow-Fix-20260825\targeted-fix-verification.md","3610","A351606A8378F62B8654948C91F271B7961CF9746C2DEA2111B11F15EC0AA6D2"
"D:\Workspaces\Artifacts\Radiance-Fork-Baseline-Redo-20260825\final-capability-summary.json","Radiance-Fork-Baseline-Redo-20260825\final-capability-summary.json","4938","D4625D3A43AEF32EC12A15D62B7057BB2D1FCFC4FA6D7201D086DB928F9FDE85"
"D:\Workspaces\Artifacts\Radiance-Fork-Baseline-Redo-20260825\radiance-fork-baseline-seal.json","Radiance-Fork-Baseline-Redo-20260825\radiance-fork-baseline-seal.json","2145","93D97A7F85A7B9F73380F6D325AEFC8034C8F28F6A307E48D398E4DDB209019B"
"D:\Workspaces\Artifacts\Radiance-Port-Decomposition-20260914\baselines.json","Radiance-Port-Decomposition-20260914\baselines.json","621","A39DA9E548376200583157689324FCD766D4B9A9C1B83FD67720DB5370A1C0B4"
"D:\Workspaces\Artifacts\Radiance-Port-Decomposition-20260914\package-verification.json","Radiance-Port-Decomposition-20260914\package-verification.json","375","F98F4F2A1B58774274C23DB2C75E2CA8A5BB0D79B656DBA6502FB0378468809F"
"D:\Workspaces\Artifacts\Radiance-Port-Decomposition-20260914\README.md","Radiance-Port-Decomposition-20260914\README.md","5806","B5AD9253D9B1B6288A73E7EA265A4DF24D0583E3E561941664FD0ACD2DDC4BB1"
"D:\Workspaces\Artifacts\Radiance-production-deployment-20260917.json","Radiance-production-deployment-20260917.json","4374","3A22F1B32600DAA71BE91316647B19DA4D957A6240CE5BD014705AA395B8D7AD"
"D:\Workspaces\Artifacts\Radiance-SPI-Loading-20260914\implementation-contract.md","Radiance-SPI-Loading-20260914\implementation-contract.md","4752","D6D893D167958C62797273E90E1C671DA14EBE783C46A78DA4EE305C4B1D9527"
"D:\Workspaces\Artifacts\Radiance-SPI-Loading-20260914\loading-scene-source-map.md","Radiance-SPI-Loading-20260914\loading-scene-source-map.md","5697","B7C0118D84E86A71268026A1B7668FD156180A92D937FA46771BE160E68334F1"
"D:\Workspaces\Artifacts\Radiance-SPI-Loading-20260914\production-launch-materials.md","Radiance-SPI-Loading-20260914\production-launch-materials.md","2814","3E37B47BF8804117E4EF978FB81A9D9D64BD06DBE07BF47A27487A28D2E8BA50"
"D:\Workspaces\Artifacts\RadianceCrashInvestigation\20260915-152956-handoff\A2-RESULT.md","RadianceCrashInvestigation\20260915-152956-handoff\A2-RESULT.md","2581","62694DC7DE3E3D197118B17E5240763EA9195F2DC07D2B4A45508361A9D44CE3"
"D:\Workspaces\Artifacts\RadianceCrashInvestigation\20260915-152956-handoff\A3-RESULT.md","RadianceCrashInvestigation\20260915-152956-handoff\A3-RESULT.md","3883","B273792846B199121F77D083F46D585A91188510E473A97D3C25C85DC5182473"
"D:\Workspaces\Artifacts\RadianceCrashInvestigation\20260915-152956-handoff\A3-RETRY-RESULT.md","RadianceCrashInvestigation\20260915-152956-handoff\A3-RETRY-RESULT.md","4324","C9000FBDCEE89420E92A8DA1E5E0C34EA1F2E4D90253149F21DDBC5835D970E4"
"D:\Workspaces\Artifacts\RadianceCrashInvestigation\20260915-152956-handoff\A4-RESULT.md","RadianceCrashInvestigation\20260915-152956-handoff\A4-RESULT.md","5405","81F01EC29236A55D1D8413C798B426DF038E659910C1F87082D565BBB6E894A1"
"D:\Workspaces\Artifacts\RadianceCrashInvestigation\20260915-152956-handoff\D09-RESULT.md","RadianceCrashInvestigation\20260915-152956-handoff\D09-RESULT.md","2172","5698A3C5933C816EB5F964B8C483937A6A38CD31D5BFDF1B10A8289970D5F7FB"
"D:\Workspaces\Artifacts\RadianceCrashInvestigation\20260915-152956-handoff\D10-D11-CLOSEOUT.md","RadianceCrashInvestigation\20260915-152956-handoff\D10-D11-CLOSEOUT.md","1656","2BA8D705915C81EBC4B2E8BD6DB99E14B48523D24ED99A070445C02BDBB5C701"
"D:\Workspaces\Artifacts\RadianceCrashInvestigation\20260915-152956-handoff\D10-RESULT.md","RadianceCrashInvestigation\20260915-152956-handoff\D10-RESULT.md","2405","601CCD46E17421FAA84F3033972AB1F71EE2CF1826472638F73E7A79C84B699E"
"D:\Workspaces\Artifacts\RadianceCrashInvestigation\20260915-152956-handoff\D11-RESULT.md","RadianceCrashInvestigation\20260915-152956-handoff\D11-RESULT.md","2668","93656015B8BBB81BE537AC37C10A142185FA7D6A3F8DA29CD83C5774FD71AC72"
"D:\Workspaces\Artifacts\RadianceCrashInvestigation\20260915-192109-handoff\DIAGNOSTIC-LEDGER.md","RadianceCrashInvestigation\20260915-192109-handoff\DIAGNOSTIC-LEDGER.md","40386","4F8ED4930481A8229FF4F13803D0F3AEA4F0E4F3321B24AFFC48E8E8FF1C6FE2"
"D:\Workspaces\Artifacts\RadianceCrashInvestigation\20260915-192109-handoff\Evidence\RESOURCE-LIFETIME-A3-RESULT.md","RadianceCrashInvestigation\20260915-192109-handoff\Evidence\RESOURCE-LIFETIME-A3-RESULT.md","2387","DF3EE4CA8884E6F9DD3DE04309DA0B8C42E1D9C5F1FBFF1B947CCF4763E5E840"
"D:\Workspaces\Artifacts\RadianceCrashInvestigation\20260915-192109-handoff\Evidence\RESOURCE-LIFETIME-A4-RESULT.md","RadianceCrashInvestigation\20260915-192109-handoff\Evidence\RESOURCE-LIFETIME-A4-RESULT.md","3071","0B25C8412AE588D08A435241F132C41A1BE1686022BEA498287ED05CC1CFB850"
"D:\Workspaces\Artifacts\RadianceCrashInvestigation\20260915-A\DIAGNOSTICS.md","RadianceCrashInvestigation\20260915-A\DIAGNOSTICS.md","34785","C800047AAECFA1CA3905A3BB4648DBE05F6BDF4FE768A407C31A16363B072423"
"D:\Workspaces\Artifacts\RadianceCrashInvestigation\20260915-A\E02-REPRO.md","RadianceCrashInvestigation\20260915-A\E02-REPRO.md","1629","F759A3118BFC314C155F72B0E6419A57E241227F6ACF5EA374051615735F7435"
"D:\Workspaces\Artifacts\RadianceCrashInvestigation\20260915-A\PROGRESS.md","RadianceCrashInvestigation\20260915-A\PROGRESS.md","31778","5D0DF14DC92E2AB2A30607882106C975EF87DAF50EE37115F658F6E7EAF6DB61"
"D:\Workspaces\Artifacts\RadianceCrashInvestigation\20260915-A\REPAIR-CHECKPOINT.md","RadianceCrashInvestigation\20260915-A\REPAIR-CHECKPOINT.md","7765","5D28CCE3E054566BE0B5236ED032CBB0BFDBBF4F410A3ECF0F2E8B639DB2A2B7"
"D:\Workspaces\Artifacts\RadianceCrashInvestigation\20260915-ReviewFollowup\Review\Review.md","RadianceCrashInvestigation\20260915-ReviewFollowup\Review\Review.md","16043","C32A7EA0811CA90C7DF771705675C041A0DABE56EAC1B93C29DDCCA1B62292EA"
"D:\Workspaces\Artifacts\RadianceCrashInvestigation\20260916-004325-handoff\Evidence\run-direct-draw-state-20260916-212740\ARCHIVE-MANIFEST.md","RadianceCrashInvestigation\20260916-004325-handoff\Evidence\run-direct-draw-state-20260916-212740\ARCHIVE-MANIFEST.md","1016","C3967A52A87EE76E7D43887C18DBE223170DB3A310EF48FEF4CFD5E3BCC30FD6"
"D:\Workspaces\Artifacts\RadianceCrashInvestigation\20260916-004325-handoff\Products\resource-lifetime-keepalive-v2\PRODUCT-MANIFEST.md","RadianceCrashInvestigation\20260916-004325-handoff\Products\resource-lifetime-keepalive-v2\PRODUCT-MANIFEST.md","2658","B28A840DEED433426E544E815292323A313E019621594F30966FD84EAF78BD4E"
"D:\Workspaces\Artifacts\RadianceCrashInvestigation\20260916-004325-handoff\Products\resource-lifetime-keepalive\PRODUCT-MANIFEST.md","RadianceCrashInvestigation\20260916-004325-handoff\Products\resource-lifetime-keepalive\PRODUCT-MANIFEST.md","1929","CDE41DC0E73A6C911CAE364B95FF12485CF100876C2FD75B734E08541DAF7C76"
"D:\Workspaces\Artifacts\RadianceCrashInvestigation\20260916-004325-handoff\SOURCE-AND-PRODUCT-MANIFEST.md","RadianceCrashInvestigation\20260916-004325-handoff\SOURCE-AND-PRODUCT-MANIFEST.md","7959","7668C384A41412399CD218999A36AA1EE45F0E00A84EDDA6BBFE266D3A6229A7"
"D:\Workspaces\Artifacts\RadianceCrashInvestigation\20260917-PID15936\descriptor-bindings\EXPERIMENT.md","RadianceCrashInvestigation\20260917-PID15936\descriptor-bindings\EXPERIMENT.md","2371","C56C8D6E0490F710F72BD32033A4CDC6F7A48A4F676D8066869C1FE040280C1A"
"D:\Workspaces\Artifacts\RadianceCrashInvestigation\20260917-PID15936\descriptor-stages\EXPERIMENT.md","RadianceCrashInvestigation\20260917-PID15936\descriptor-stages\EXPERIMENT.md","1358","C5F6A60B716BA11BD64F33B7BB89033ADFC65B788C6F190106CC4E6C4E6555B7"
"D:\Workspaces\Artifacts\RadianceCrashInvestigation\20260917-PID15936\dynamic-pipeline-direct\EXPERIMENT.md","RadianceCrashInvestigation\20260917-PID15936\dynamic-pipeline-direct\EXPERIMENT.md","3110","A9875E6DEA4D34DB014B3CA8891A6A3A9EA6448B5701B526F90C72C94C8C8914"
"D:\Workspaces\Artifacts\RadianceCrashInvestigation\20260917-PID15936\e02-retest-20260917\aero-compat\ghost-pbr-20260918\REVIEW.md","RadianceCrashInvestigation\20260917-PID15936\e02-retest-20260917\aero-compat\ghost-pbr-20260918\REVIEW.md","1726","B437065CCD6B9A0B8660D5A8A733026C78D23DD44FC1C9D994B8A1D710DB7E82"
"D:\Workspaces\Artifacts\RadianceCrashInvestigation\20260917-PID15936\e02-retest-20260917\aero-compat\HANDOVER-20260918.md","RadianceCrashInvestigation\20260917-PID15936\e02-retest-20260917\aero-compat\HANDOVER-20260918.md","14615","12DECCC8D5D2AA1C9CED9C98DCADD4F8B58F483D074FEE39135A24445FD2900F"
"D:\Workspaces\Artifacts\RadianceCrashInvestigation\20260917-PID15936\e02-retest-20260917\aero-compat\outliner-aux-init-20260918\REVIEW.md","RadianceCrashInvestigation\20260917-PID15936\e02-retest-20260917\aero-compat\outliner-aux-init-20260918\REVIEW.md","1869","9C872975B368A439AC0956B1CECC8A63D975EFE1E64F8A88DCA5C4A307570CCA"
"D:\Workspaces\Artifacts\RadianceCrashInvestigation\20260917-PID15936\e02-retest-20260917\aero-compat\outliner-lit-20260918\REVIEW.md","RadianceCrashInvestigation\20260917-PID15936\e02-retest-20260917\aero-compat\outliner-lit-20260918\REVIEW.md","2813","117BC7078C0FBEF47DFB89ED2135BF067411AC832F452C682C6004FCEFA2CF43"
"D:\Workspaces\Artifacts\RadianceCrashInvestigation\20260917-PID15936\e02-retest-20260917\aero-compat\outliner-pbr-emission-20260918\REVIEW.md","RadianceCrashInvestigation\20260917-PID15936\e02-retest-20260917\aero-compat\outliner-pbr-emission-20260918\REVIEW.md","793","ED748457675D05DA11900B8430CD422E8A62B316C5084FFBF53329B8BEB565CA"
"D:\Workspaces\Artifacts\RadianceCrashInvestigation\20260917-PID15936\e02-retest-20260917\aero-compat\outliner-texture-diag-20260918\REVIEW.md","RadianceCrashInvestigation\20260917-PID15936\e02-retest-20260917\aero-compat\outliner-texture-diag-20260918\REVIEW.md","1970","B7CEB6916B410F88326BDAC95BCBEF4E1E34D9DD3CC04504328C8BC37DD922A3"
"D:\Workspaces\Artifacts\RadianceCrashInvestigation\20260917-PID15936\e02-retest-20260917\aero-compat\ponder-camera-20260918\REVIEW.md","RadianceCrashInvestigation\20260917-PID15936\e02-retest-20260917\aero-compat\ponder-camera-20260918\REVIEW.md","2762","647D08A37EDFA6EC0E0E39590F56CD32F8C94D11B4B017F3D760B67532FB5B43"
"D:\Workspaces\Artifacts\RadianceCrashInvestigation\20260917-PID15936\e02-retest-20260917\aero-compat\ponder-denoise-20260918\REVIEW.md","RadianceCrashInvestigation\20260917-PID15936\e02-retest-20260917\aero-compat\ponder-denoise-20260918\REVIEW.md","2454","B786DCD1507C439A887ADFC7D43010AD8DA907A987B65635F97E0DDD90A6772F"
"D:\Workspaces\Artifacts\RadianceCrashInvestigation\20260917-PID15936\e02-retest-20260917\aero-compat\ponder-full-chain-20260918\REVIEW.md","RadianceCrashInvestigation\20260917-PID15936\e02-retest-20260917\aero-compat\ponder-full-chain-20260918\REVIEW.md","6911","F4F0C7ED14D280C2C7102A4688B209F65D78D5627321F48FD2DFA456B89142B3"
"D:\Workspaces\Artifacts\RadianceCrashInvestigation\20260917-PID15936\e02-retest-20260917\aero-compat\ponder-gpu-capture-20260918\REVIEW.md","RadianceCrashInvestigation\20260917-PID15936\e02-retest-20260917\aero-compat\ponder-gpu-capture-20260918\REVIEW.md","9187","19CF84CB35EBA4305A18A865114B308D310682511A357B46042A897247A262D2"
"D:\Workspaces\Artifacts\RadianceCrashInvestigation\20260917-PID15936\e02-retest-20260917\aero-compat\ponder-gpu-capture-20260918\RR-BALANCED-INVESTIGATION.md","RadianceCrashInvestigation\20260917-PID15936\e02-retest-20260917\aero-compat\ponder-gpu-capture-20260918\RR-BALANCED-INVESTIGATION.md","4061","4A5A419E78FC0B0446BEC86AFC46E5C03A10BEBF20353F0F28A62D8164BF88D8"
"D:\Workspaces\Artifacts\RadianceCrashInvestigation\20260917-PID15936\e02-retest-20260917\aero-compat\ponder-pt-20260918\jni-registration-fix\REVIEW.md","RadianceCrashInvestigation\20260917-PID15936\e02-retest-20260917\aero-compat\ponder-pt-20260918\jni-registration-fix\REVIEW.md","1866","6E4AC04CE33D9FCC096760152E42B3B75B1B5420228235C897C0F2C7832BDF70"
"D:\Workspaces\Artifacts\RadianceCrashInvestigation\20260917-PID15936\e02-retest-20260917\aero-compat\ponder-pt-20260918\REVIEW.md","RadianceCrashInvestigation\20260917-PID15936\e02-retest-20260917\aero-compat\ponder-pt-20260918\REVIEW.md","5314","581E5B105759D03162A0F431FB6713A6C850ADADFA44A9364E009D9FA06816D1"
"D:\Workspaces\Artifacts\RadianceCrashInvestigation\20260917-PID15936\e02-retest-20260917\aero-compat\ponder-pt-20260918\startup-crash-fix\REVIEW.md","RadianceCrashInvestigation\20260917-PID15936\e02-retest-20260917\aero-compat\ponder-pt-20260918\startup-crash-fix\REVIEW.md","2208","7FA2DBE434F487FA8B9F16BF0F5CC5D04AB810E26A0FCC96BFC79373180C6BC1"
"D:\Workspaces\Artifacts\RadianceCrashInvestigation\20260917-PID15936\e02-retest-20260917\aero-compat\PONDER-PT-HANDOVER-20260918.md","RadianceCrashInvestigation\20260917-PID15936\e02-retest-20260917\aero-compat\PONDER-PT-HANDOVER-20260918.md","13316","D04E39A08F8827D50455DEBC8AC0D8B22AF1F8C030B6A7C5104DFCBA746630FA"
"D:\Workspaces\Artifacts\RadianceCrashInvestigation\20260917-PID15936\e02-retest-20260917\aero-compat\ponder-rr-diagnostic-20260918\REVIEW.md","RadianceCrashInvestigation\20260917-PID15936\e02-retest-20260917\aero-compat\ponder-rr-diagnostic-20260918\REVIEW.md","3455","1669AB1062BCCF91D7E942F2171D7484A9AA388E63D08465C394E33786453063"
"D:\Workspaces\Artifacts\RadianceCrashInvestigation\20260917-PID15936\e02-retest-20260917\aero-compat\ponder-rr-preset-20260918\REVIEW.md","RadianceCrashInvestigation\20260917-PID15936\e02-retest-20260917\aero-compat\ponder-rr-preset-20260918\REVIEW.md","4266","2727BF9C617E0EF64DCE10B022EE12F79D0B3C14F655E2B56A2730C9FE2BDC06"
"D:\Workspaces\Artifacts\RadianceCrashInvestigation\20260917-PID15936\e02-retest-20260917\aero-compat\ponder-sharc-footprint-20260918\REVIEW.md","RadianceCrashInvestigation\20260917-PID15936\e02-retest-20260917\aero-compat\ponder-sharc-footprint-20260918\REVIEW.md","4029","E1E1C8CAE768791C4251FE3CA8C11631C5257810864669753B52D17E0F1E6A3D"
"D:\Workspaces\Artifacts\RadianceCrashInvestigation\20260917-PID15936\e02-retest-20260917\chunk-pipeline-reevaluation-20260920\C2ME-COMPATIBILITY-20260920.md","RadianceCrashInvestigation\20260917-PID15936\e02-retest-20260917\chunk-pipeline-reevaluation-20260920\C2ME-COMPATIBILITY-20260920.md","6409","C90AF17E4F81C699E04256F8BFD9DCE1E58F1291399FEF416009E1232F6027A9"
"D:\Workspaces\Artifacts\RadianceCrashInvestigation\20260917-PID15936\e02-retest-20260917\chunk-pipeline-reevaluation-20260920\CHUNK-PERFORMANCE-DIAGNOSTICS-R2-20260920.md","RadianceCrashInvestigation\20260917-PID15936\e02-retest-20260917\chunk-pipeline-reevaluation-20260920\CHUNK-PERFORMANCE-DIAGNOSTICS-R2-20260920.md","5860","5994C98E856845D1DEF3DE8089B06E3AC9002E8EF1DCF4F465E6E3AE8A3B2633"
"D:\Workspaces\Artifacts\RadianceCrashInvestigation\20260917-PID15936\e02-retest-20260917\EXPERIMENT.md","RadianceCrashInvestigation\20260917-PID15936\e02-retest-20260917\EXPERIMENT.md","16057","D156819611F03AFC04A9D21E5DEBBE51AA1AC83A3FFF9FECA85F8A4C41B84C84"
"D:\Workspaces\Artifacts\RadianceCrashInvestigation\20260917-PID15936\earlywindow-off\EXPERIMENT.md","RadianceCrashInvestigation\20260917-PID15936\earlywindow-off\EXPERIMENT.md","1216","13B666492742F7E1925BDF2DE2AB2E4AC3DFCC8EC7A50C5684844F4B8B5DA963"
"D:\Workspaces\Artifacts\RadianceCrashInvestigation\20260917-PID15936\experiment-bind-noop\EXPERIMENT.md","RadianceCrashInvestigation\20260917-PID15936\experiment-bind-noop\EXPERIMENT.md","2138","A1F01290C8A8CD9BADB2E4F0BC79326932A060207AE11AAB951AC8911D5AA7D0"
"D:\Workspaces\Artifacts\RadianceCrashInvestigation\20260917-PID15936\INVESTIGATION.md","RadianceCrashInvestigation\20260917-PID15936\INVESTIGATION.md","8103","1EFE9B7FB0F10C896E81AAC37E54496E65497A28E6764F002533DC45AD30A3ED"
"D:\Workspaces\Artifacts\RadianceCrashInvestigation\20260917-PID15936\lifecycle\EXPERIMENT.md","RadianceCrashInvestigation\20260917-PID15936\lifecycle\EXPERIMENT.md","4562","B345FC68E61B778AC0A284482FB0F2B7286F1B8B1563DF0ADEE87C97342BC354"
"D:\Workspaces\Artifacts\RadianceCrashInvestigation\20260917-PID15936\production-deploy-20260917\DEPLOY.md","RadianceCrashInvestigation\20260917-PID15936\production-deploy-20260917\DEPLOY.md","12506","9B87471BEBB7197EB50596FB95F425A7505D421EF5AC6F8A028F4170CC9493FD"
"D:\Workspaces\Artifacts\RadianceCrashInvestigation\20260917-PID15936\sampler-direct\EXPERIMENT.md","RadianceCrashInvestigation\20260917-PID15936\sampler-direct\EXPERIMENT.md","1926","2ACF164AD2C8AAC27F12AF9102961BF85DD4A997BF2F326AF088AB7EABFC55D0"
"D:\Workspaces\Artifacts\RadianceCrashInvestigation\20260917-PID15936\SUSPECTS.md","RadianceCrashInvestigation\20260917-PID15936\SUSPECTS.md","5654","EBE538D1E5BD1F7451B7DB510F8BA58CC3DB992F82A861AE4DFC3C89F9E97B0C"
"D:\Workspaces\Artifacts\RadianceCrashInvestigation\20260917-PID15936\trace-split\EXPERIMENT.md","RadianceCrashInvestigation\20260917-PID15936\trace-split\EXPERIMENT.md","3640","743FF98DB3336472A2C696A0DEB58857376E9B2C02098DA752A913A8D768DDE3"
"D:\Workspaces\Artifacts\RadianceCrashInvestigation\20260917-PID49284-review\REVIEW.md","RadianceCrashInvestigation\20260917-PID49284-review\REVIEW.md","2062","9AF0E9B90D0E06A0B8CE73E224F960C9A94CEB6F1566832408B214948342D271"
"D:\Workspaces\Artifacts\RadianceCrashInvestigation\20260921-chunk-hole\EXPERIMENT.md","RadianceCrashInvestigation\20260921-chunk-hole\EXPERIMENT.md","7481","D4DDF72047D736D34169CE0AD8CBCF76556CD4E0B1160487A64937210087CBEC"
"D:\Workspaces\Artifacts\RadianceEngineering\20260910\final-verification.json","RadianceEngineering\20260910\final-verification.json","7169","F53662A38E4363AFC4F55F0AF1371DD3C2EB1490924E52CC2652B6586AEEED02"
"D:\Workspaces\Artifacts\RadianceEngineering\20260910\history-boundary-verification.json","RadianceEngineering\20260910\history-boundary-verification.json","220","9AD887D7B726202A715558974A1D28648C089960E0583867DA1CADE9851D7AAC"
"D:\Workspaces\Artifacts\RadianceM1\M1_ACCEPTANCE.json","RadianceM1\M1_ACCEPTANCE.json","503","55BA3685DA20A792E310966560769E5784780AFECB8E589B5EAE4558257995C5"
"D:\Workspaces\Artifacts\RadianceM2\M2_BOUNDARY.md","RadianceM2\M2_BOUNDARY.md","3086","3D8DEC80CE04A81BBE0728A99AA6A3D05481C75A1891B031D8E80A4A8C5DD615"
"D:\Workspaces\Artifacts\RadianceM3\SUPERSEDED_BY_OFFICIAL_NATIVE_TRANSLATION.md","RadianceM3\SUPERSEDED_BY_OFFICIAL_NATIVE_TRANSLATION.md","638","6DF927CCC89E66ED6F0FF7E3CFE7B8B8D98C39BC24C17D2D3494404F53FD42C3"
"D:\Workspaces\Artifacts\RadianceM3Official\M3_OFFICIAL_EARLY_WINDOW_CORRECTION_REPORT.md","RadianceM3Official\M3_OFFICIAL_EARLY_WINDOW_CORRECTION_REPORT.md","4981","EC670AB12B6C60C12C387541CD4B2DD233F02AC2E6D21F45B5C3F7DD71DFB928"
"D:\Workspaces\Artifacts\RadianceM3Official\M3_USER_ACCEPTANCE.json","RadianceM3Official\M3_USER_ACCEPTANCE.json","302","8F08C9012919006A471729130372E9C872F947406A65F44BA87E1A110D2D31D2"
"D:\Workspaces\Artifacts\RadianceM4\M4_FAILURE_REQUALIFICATION.md","RadianceM4\M4_FAILURE_REQUALIFICATION.md","4658","EFEF81F6114A6B9334CF78CF21D447FAB2540F64ECE5C56DB60BE05DE809BFFF"
"D:\Workspaces\Artifacts\RadianceM4\M4_STATUS.md","RadianceM4\M4_STATUS.md","617","5D92B7EA9AE55A879743099E95FEF7FE08A0D24B7678971FC146ACA5160E7258"
"D:\Workspaces\Artifacts\RadianceM4\m4-failure-metrics.json","RadianceM4\m4-failure-metrics.json","1472","A93692F6E3A87E8C64204273EDB454400E352A70BF361C2313E5DE432C768CD8"
"D:\Workspaces\Artifacts\RadianceMCVRAudit\20260914\README.md","RadianceMCVRAudit\20260914\README.md","5097","16145F8A67E63147A59D17D92660E56F3AAAC65F27AF64C111A94278AAC9D42C"
"D:\Workspaces\Artifacts\RadianceMCVRAudit\20260914\Reports\01-审计基线.md","RadianceMCVRAudit\20260914\Reports\01-审计基线.md","6005","2609A36098C4D0B36A49F17536BF3DE9C85325A9190B574A29D3E327B8F0842D"
"D:\Workspaces\Artifacts\RadianceMCVRAudit\20260914\Reports\02-完整差异台账.md","RadianceMCVRAudit\20260914\Reports\02-完整差异台账.md","434350","7086C3D93F6BDF3FC9178E42255149934373497DE52130248AB9037F05EF277B"
"D:\Workspaces\Artifacts\RadianceMCVRAudit\20260914\Reports\03-分类与覆盖.md","RadianceMCVRAudit\20260914\Reports\03-分类与覆盖.md","1502","64F89FD3F77A5DE9F5A72A8252DBA83444FDD0E8A1A67E878B658FDF80E49AA0"
"D:\Workspaces\Artifacts\RadianceMCVRAudit\20260914\Reports\04-待整改清单.md","RadianceMCVRAudit\20260914\Reports\04-待整改清单.md","99438","82EB9A482F53685C38E729CD97E89F735C20D2697BC91DB2EF2C35BE4EDDE8D4"
"D:\Workspaces\Artifacts\RadianceMCVRAudit\20260914\Reports\05-关键结论与整改优先级.md","RadianceMCVRAudit\20260914\Reports\05-关键结论与整改优先级.md","6288","A7B764ADF2890B350E52710A2984B0B2EA896E511589DB6171A5B19DC7C3DC8A"
"D:\Workspaces\Artifacts\RadianceMCVRAudit\20260914\Reports\06-参考源码清单.md","RadianceMCVRAudit\20260914\Reports\06-参考源码清单.md","9127","B6C17A44B475C4AD38817876F994CB3B43D4F6C04E7CE712DCC511CF3092780C"
"D:\Workspaces\Artifacts\RadianceMCVRAudit\20260914\Reports\07-待确认与阻塞.md","RadianceMCVRAudit\20260914\Reports\07-待确认与阻塞.md","3520","554EEEBA2E7ECBE06E2A0E2E6ECD84C2CBC545776C3C0B95B1C0F1F5C0F9E956"
"D:\Workspaces\Artifacts\RadianceMCVRAudit\20260914\Reports\阅读顺序.md","RadianceMCVRAudit\20260914\Reports\阅读顺序.md","1254","4D1FCF8D4C3F5F1674CD061912CEA7FFC9F23F092290F9D85354D33EEE4C97B5"
"D:\Workspaces\Artifacts\RadianceMCVRAudit\20260914\Reports\mcvr.md","RadianceMCVRAudit\20260914\Reports\mcvr.md","110746","E48B513A621F87CC09559C6ACDB5339A513C5FF0F472448C97757C1EA288A79C"
"D:\Workspaces\Artifacts\RadianceMCVRAudit\20260914\Reports\radiance-java.md","RadianceMCVRAudit\20260914\Reports\radiance-java.md","3596","05B2087C96518595C085BADD8BF750CCF93C84D1999AE160E5622AB25BC0586B"
"D:\Workspaces\Artifacts\RadianceMCVRAudit\20260914\Reports\reference-loaders.md","RadianceMCVRAudit\20260914\Reports\reference-loaders.md","5404","9DB031E0D9E3BF78A3717E939B5646115246D7696ED4A16A1D3810C63930F2A0"
"D:\Workspaces\Artifacts\RadianceMCVRAudit\20260914\Reports\reference-mods.md","RadianceMCVRAudit\20260914\Reports\reference-mods.md","5596","8634001D974EC6A8A58C7D0557F94B518BEC5599678DFC04E6E4334215613542"
"D:\Workspaces\Artifacts\RadianceMCVRAudit\20260914\Reports\reference-research.md","RadianceMCVRAudit\20260914\Reports\reference-research.md","3036","B104B0F720E2498BC7180790A901465956EE9EC137177DD1430263305F68A556"
"D:\Workspaces\Artifacts\RadianceMCVRCompatibilityImplementation\20260915-063333\PROGRESS.md","RadianceMCVRCompatibilityImplementation\20260915-063333\PROGRESS.md","3505","7C8C7108B271C67D6647FF7458C9890B6B2C34E9379ED003FDA6BDAA021A42DE"
"D:\Workspaces\Artifacts\RadianceMCVRCompatibilityImplementation\20260915-063333\Reports\framebuffer-gpu-test.md","RadianceMCVRCompatibilityImplementation\20260915-063333\Reports\framebuffer-gpu-test.md","4809","4A3D089228A7D860A6FCFB9F16CC611F09D4E3FEA4B4D4B1D89CB21297B981EF"
"D:\Workspaces\Artifacts\RadianceMCVRCompatibilityImplementation\20260915-063333\Reports\framebuffer-integration-checkpoint.md","RadianceMCVRCompatibilityImplementation\20260915-063333\Reports\framebuffer-integration-checkpoint.md","2910","9F3731AF5625A23C36022EEE8AF04AD7436C0A6629B428DEFE9AC267F5D84B54"
"D:\Workspaces\Artifacts\RadianceMCVRCompatibilityImplementation\20260915-063333\Reports\framebuffer-resource-layer.md","RadianceMCVRCompatibilityImplementation\20260915-063333\Reports\framebuffer-resource-layer.md","6065","7F79827FE1726D0870F711F8374E0C83DFBEE9C349CD92EF54142C86E5C8106C"
"D:\Workspaces\Artifacts\RadianceMCVRCompatibilityImplementation\20260915-063333\Reports\hand-pitch-fix.md","RadianceMCVRCompatibilityImplementation\20260915-063333\Reports\hand-pitch-fix.md","2238","872C51CBCFA712FC1AA34AC8C207DF179582717172E08E26171462FC47743E25"
"D:\Workspaces\Artifacts\RadianceMCVRCompatibilityImplementation\20260915-063333\Reports\main-target-progress.md","RadianceMCVRCompatibilityImplementation\20260915-063333\Reports\main-target-progress.md","7713","B1AB1FEB85073E50F0E206F1D666C212153F2797E402BD72F815C7C6613264CC"
"D:\Workspaces\Artifacts\RadianceMCVRCompatibilityImplementation\20260915-063333\Reports\render-target-storage.md","RadianceMCVRCompatibilityImplementation\20260915-063333\Reports\render-target-storage.md","4260","C0F702D88307621C8E2C06FB93ADBC5FA85AB031648AAF9D82BA091C82FD68D2"
"D:\Workspaces\Artifacts\RadianceMCVRCompatibilityImplementation\20260915-063333\Reports\veil-implementation-progress.md","RadianceMCVRCompatibilityImplementation\20260915-063333\Reports\veil-implementation-progress.md","3169","863609DEC9219EE81CFA7D37CF544ECC43C71AF927E5EA23E5C00C8B7909A764"
"D:\Workspaces\Artifacts\RadianceMCVRCompatibilityImplementation\20260915-063333\Reports\world-mesh-implementation.md","RadianceMCVRCompatibilityImplementation\20260915-063333\Reports\world-mesh-implementation.md","7885","B1EBC84278A1E68A5EBD438C4BEDD8C1965CF6D618AAFE0628B7E21045123F6A"
"D:\Workspaces\Artifacts\RadianceMCVRCompatibilityImplementation\20260915-063333\Reports\world-mesh-progress.md","RadianceMCVRCompatibilityImplementation\20260915-063333\Reports\world-mesh-progress.md","1322","A1A9EB52041F82146E1E2F93DF14105B13B694E2CDA960628CAF6C0B5F950971"
"D:\Workspaces\Artifacts\RadianceMCVRCompatibilityImplementation\20260915-063333\Reports\world-sink-design.md","RadianceMCVRCompatibilityImplementation\20260915-063333\Reports\world-sink-design.md","24062","40D8C7E0C17A4A83A7C44AF84D06F1EC20D0850EB72D5F162C70E3F28D967B3A"
"D:\Workspaces\Artifacts\RadianceMCVRCompatibilityImplementation\20260915-082227-handoff\PROGRESS.md","RadianceMCVRCompatibilityImplementation\20260915-082227-handoff\PROGRESS.md","4848","238CD8D39748D678D3A817AB2AC0EF581E06A895F14ED50166357D79AAEFBFE4"
"D:\Workspaces\Artifacts\RadianceMCVRCompatibilityImplementation\20260915-082227-handoff\Reports\flywheel-completion.md","RadianceMCVRCompatibilityImplementation\20260915-082227-handoff\Reports\flywheel-completion.md","14221","B77607F849306A2A02A8EF9B50908131320073F1AB783145F57CB43891C331B8"
"D:\Workspaces\Artifacts\RadianceMCVRCompatibilityImplementation\20260915-082227-handoff\Reports\flywheel-progress.md","RadianceMCVRCompatibilityImplementation\20260915-082227-handoff\Reports\flywheel-progress.md","1148","33020C55AF5A2CA76944FDC54BA271901EB72807EFC3DC608FEF9C71C62EE711"
"D:\Workspaces\Artifacts\RadianceMCVRCompatibilityImplementation\20260915-082227-handoff\Reports\flywheel-review.md","RadianceMCVRCompatibilityImplementation\20260915-082227-handoff\Reports\flywheel-review.md","1506","DD9EA5D0F83B23C92FBB6847820E09EB1C5188841914F601A3E1FD7EF515E1E1"
"D:\Workspaces\Artifacts\RadianceMCVRCompatibilityImplementation\20260915-082227-handoff\Reports\levitite-tessellation-implementation.md","RadianceMCVRCompatibilityImplementation\20260915-082227-handoff\Reports\levitite-tessellation-implementation.md","11442","3C0B835BA117434A12E88522E1D0E4449D83722D4751F6A8A2F5FC29A90AED81"
"D:\Workspaces\Artifacts\RadianceMCVRCompatibilityImplementation\20260915-082227-handoff\Reports\levitite-tessellation.md","RadianceMCVRCompatibilityImplementation\20260915-082227-handoff\Reports\levitite-tessellation.md","1783","BA23D3916CE44CC8899505A7E9101F225AFBB024610D9E8D7050857A5D5F2408"
"D:\Workspaces\Artifacts\RadianceMCVRCompatibilityImplementation\20260915-082227-handoff\Reports\manual-acceptance-draft.md","RadianceMCVRCompatibilityImplementation\20260915-082227-handoff\Reports\manual-acceptance-draft.md","2332","8DFB21183E248906FAFD2285C333D073B835CAF4DA776CE45D411AD1F0290D84"
"D:\Workspaces\Artifacts\RadianceMCVRCompatibilityImplementation\20260915-082227-handoff\Reports\mc-04.2.md","RadianceMCVRCompatibilityImplementation\20260915-082227-handoff\Reports\mc-04.2.md","1012","D8E7074B452308BD1721EE1C3AC0C55C7A9B5F7E8021892293CAC9533D084E53"
"D:\Workspaces\Artifacts\RadianceMCVRCompatibilityImplementation\20260915-082227-handoff\Reports\persistent-raster.md","RadianceMCVRCompatibilityImplementation\20260915-082227-handoff\Reports\persistent-raster.md","7562","C3A44AA794C296BEE441050671DB6CEA8AEFA079F856193DCE0F4C63C8979931"
"D:\Workspaces\Artifacts\RadianceMCVRCompatibilityImplementation\20260915-082227-handoff\Reports\public-render-progress.md","RadianceMCVRCompatibilityImplementation\20260915-082227-handoff\Reports\public-render-progress.md","2042","098BA1CC9926BB98D2D77D362E19907A255257415DD58B2C9F8EA9B9B52C99B3"
"D:\Workspaces\Artifacts\RadianceMCVRCompatibilityImplementation\20260915-082227-handoff\Reports\readback-progress.md","RadianceMCVRCompatibilityImplementation\20260915-082227-handoff\Reports\readback-progress.md","2122","7077081BDC2E8CE99A90ACF8343126F4C3D875608AA00AAA6DC47E50ED56BC79"
"D:\Workspaces\Artifacts\RadianceMCVRCompatibilityImplementation\20260915-082227-handoff\Reports\readback-review.md","RadianceMCVRCompatibilityImplementation\20260915-082227-handoff\Reports\readback-review.md","1303","3B1F7873AEF7A66C65ADB0796FB7DBE8398D7B0E1CDBC88572B07D17EFE1C7BF"
"D:\Workspaces\Artifacts\RadianceMCVRCompatibilityImplementation\20260915-082227-handoff\Reports\sable-custom-vertex-array.md","RadianceMCVRCompatibilityImplementation\20260915-082227-handoff\Reports\sable-custom-vertex-array.md","10264","92ACE3E5B3F4B678C658425EA06102D25ABD0228B83E566D895331FEC61423EF"
"D:\Workspaces\Artifacts\RadianceMCVRCompatibilityImplementation\20260915-082227-handoff\Reports\veil-fbo.md","RadianceMCVRCompatibilityImplementation\20260915-082227-handoff\Reports\veil-fbo.md","6871","C4F757BC0092A572C7C2DA387E99A92D6160DA3CB18B738D66CAEB412B4D7BA6"
"D:\Workspaces\Artifacts\RadianceMCVRCompatibilityImplementation\20260915-082227-handoff\Reports\veil-lifecycle-progress.md","RadianceMCVRCompatibilityImplementation\20260915-082227-handoff\Reports\veil-lifecycle-progress.md","1688","0DC0E29428DCCC64F362364998B77FAFC76B084B5B6C20182CE83ECEA70127C8"
"D:\Workspaces\Artifacts\RadianceMCVRCompatibilityImplementation\20260915-082227-handoff\Reports\veil-shader.md","RadianceMCVRCompatibilityImplementation\20260915-082227-handoff\Reports\veil-shader.md","11748","62F368FF644922725B248E599CD31106553008C12B58F8A956642AF1E5BA346A"
"D:\Workspaces\Artifacts\RadianceMCVRCompatibilityImplementation\20260915-113310-handoff\DELIVERY.md","RadianceMCVRCompatibilityImplementation\20260915-113310-handoff\DELIVERY.md","2003","22049EF5E617E3C658C8C476FC9AF76CC1ADB43D5AE5DBA102B3FD30BF6F79D3"
"D:\Workspaces\Artifacts\RadianceMCVRCompatibilityImplementation\20260915-113310-handoff\PROGRESS.md","RadianceMCVRCompatibilityImplementation\20260915-113310-handoff\PROGRESS.md","13711","3E007B75087D9A68B5E6EE34B83391EE2A1A3F65CF404761654A69988340D395"
"D:\Workspaces\Artifacts\RadianceMCVRCompatibilityImplementation\20260915-113310-handoff\Reports\acceptance-a-crash-source.md","RadianceMCVRCompatibilityImplementation\20260915-113310-handoff\Reports\acceptance-a-crash-source.md","2165","B744A62CEECC4E9505B1090A908B3B738B3E957F003A3FD1182CBA1A319771A4"
"D:\Workspaces\Artifacts\RadianceMCVRCompatibilityImplementation\20260915-113310-handoff\Reports\embedding-review.md","RadianceMCVRCompatibilityImplementation\20260915-113310-handoff\Reports\embedding-review.md","17528","F3DD986EB3CBC2F678244F48CE343825F5F6F7D360E5B0A463DFF75F45310ED8"
"D:\Workspaces\Artifacts\RadianceMCVRCompatibilityImplementation\20260915-113310-handoff\Reports\end-sea-shadow.md","RadianceMCVRCompatibilityImplementation\20260915-113310-handoff\Reports\end-sea-shadow.md","5450","DB66C4D3D2CE533EEDF6CE47BB49D190E5C0502256A27E555B797D0B02EEB197"
"D:\Workspaces\Artifacts\RadianceMCVRCompatibilityImplementation\20260915-113310-handoff\Reports\final-verification.md","RadianceMCVRCompatibilityImplementation\20260915-113310-handoff\Reports\final-verification.md","5412","2C01EC7665CCB624F6A3AA54474C0AEDBA719D4710A0D078385E9C3CCF121E5F"
"D:\Workspaces\Artifacts\RadianceMCVRCompatibilityImplementation\20260915-113310-handoff\Reports\flywheel-sable-embedding.md","RadianceMCVRCompatibilityImplementation\20260915-113310-handoff\Reports\flywheel-sable-embedding.md","7251","B2BF204B74F0C1F979B92CE65D74364D0CE170709AE89CDBBEC4DD1FAAA432FD"
"D:\Workspaces\Artifacts\RadianceMCVRCompatibilityImplementation\20260915-113310-handoff\Reports\icons-dimension-consumers.md","RadianceMCVRCompatibilityImplementation\20260915-113310-handoff\Reports\icons-dimension-consumers.md","6137","B86D2BF3F2FCFA5C07190B5BF41AA78FC40CFB8EBA62CC362963EACC54C64C4F"
"D:\Workspaces\Artifacts\RadianceMCVRCompatibilityImplementation\20260915-113310-handoff\Reports\manual-acceptance.md","RadianceMCVRCompatibilityImplementation\20260915-113310-handoff\Reports\manual-acceptance.md","5084","A90D6A663B08AC5D1CE47B827BA9E3D71A3A12CCE3694F9FF94BDD6B3D1682D3"
"D:\Workspaces\Artifacts\RadianceMCVRCompatibilityImplementation\20260915-113310-handoff\Reports\offroad-staff-consumers.md","RadianceMCVRCompatibilityImplementation\20260915-113310-handoff\Reports\offroad-staff-consumers.md","9171","46142B680590DFC2694D4102AA0269E68D24C59665E27AD93A110BB564FEDB9D"
"D:\Workspaces\Artifacts\RadianceMCVRCompatibilityImplementation\20260915-113310-handoff\Reports\public-integration.md","RadianceMCVRCompatibilityImplementation\20260915-113310-handoff\Reports\public-integration.md","1725","54DB54B70A4CEDD7807A2C02F07EAC46243740E14F6A1796E4F751C6AE189AE4"
"D:\Workspaces\Artifacts\RadianceMCVRCompatibilityImplementation\20260915-113310-handoff\Reports\remaining-matrix.md","RadianceMCVRCompatibilityImplementation\20260915-113310-handoff\Reports\remaining-matrix.md","39693","8B70C8BFE074F91E79ABE5BADE75FE2C81E832989FC28CA09F997AC10AA1456D"
"D:\Workspaces\Artifacts\RadianceMCVRCompatibilityImplementation\20260915-113310-handoff\Reports\simulated-shader-consumers.md","RadianceMCVRCompatibilityImplementation\20260915-113310-handoff\Reports\simulated-shader-consumers.md","7709","BB86AD99629B0E7FA39F6454265DBA252863E8F8E523B429350B58C611CB3C29"
"D:\Workspaces\Artifacts\RadianceMCVRCompatibilityImplementation\20260915-113310-handoff\Reports\veil-reload.md","RadianceMCVRCompatibilityImplementation\20260915-113310-handoff\Reports\veil-reload.md","9244","5D65364201C8291049B234412C21899A0C7CA69F34C318F425B89B3EF02221B9"
"D:\Workspaces\Artifacts\RadianceMCVRCompatibilityImplementation\20260915-113310-handoff\Reports\world-consumer-gaps.md","RadianceMCVRCompatibilityImplementation\20260915-113310-handoff\Reports\world-consumer-gaps.md","22021","D21947C355F049FB5CA55272511F99B5D3F1DC642D2D66D94BD28251B5CA4637"
"D:\Workspaces\Artifacts\RadianceMCVRDecisionReview\20260915-030125-bbc60ca3\README.md","RadianceMCVRDecisionReview\20260915-030125-bbc60ca3\README.md","6700","A80DB0A40DD94B09E5E2A407EE7163EA95098BD1E5FC6D23578CD79EA5C763F6"
"D:\Workspaces\Artifacts\RadianceMCVRDecisionReview\20260915-030125-bbc60ca3\Reports\01-Minecraft与行为裁决表.md","RadianceMCVRDecisionReview\20260915-030125-bbc60ca3\Reports\01-Minecraft与行为裁决表.md","90534","83CBB9C0E879082DD4F1AA6EEDABFA48F2F0C3C05D6013886B44258054043DC2"
"D:\Workspaces\Artifacts\RadianceMCVRDecisionReview\20260915-030125-bbc60ca3\Reports\02-全类别与归属.md","RadianceMCVRDecisionReview\20260915-030125-bbc60ca3\Reports\02-全类别与归属.md","135360","41E3F9FBB277BF9C9BB684B684C98FD12779AF268D9F18260F3D40822BB845F5"
"D:\Workspaces\Artifacts\RadianceMCVRDecisionReview\20260915-030125-bbc60ca3\Reports\03-源码兼容缺口.md","RadianceMCVRDecisionReview\20260915-030125-bbc60ca3\Reports\03-源码兼容缺口.md","151861","988FB4B2418F78CE29D9027574C929A9600AC17F784260A4EDDF3379EF17E1E4"
"D:\Workspaces\Artifacts\RadianceMCVRDecisionReview\20260915-030125-bbc60ca3\Reports\04-诊断与绕过边界.md","RadianceMCVRDecisionReview\20260915-030125-bbc60ca3\Reports\04-诊断与绕过边界.md","8026","171DFE8362520C4CB4BD2EA5D56828A90E960F32B304D52CA16501F4B0C51E33"
"D:\Workspaces\Artifacts\RadianceMCVRDecisionReview\20260915-030125-bbc60ca3\Reports\05-后续验收与依赖顺序.md","RadianceMCVRDecisionReview\20260915-030125-bbc60ca3\Reports\05-后续验收与依赖顺序.md","5787","9D6282FA4E0726D8C8E6081A99ACF1F223817AB665D708DCB633BD044DE4F69C"
"D:\Workspaces\Artifacts\RadianceMCVRDecisionReview\20260915-030125-bbc60ca3\Reports\06-Flywheel历史目标核对.md","RadianceMCVRDecisionReview\20260915-030125-bbc60ca3\Reports\06-Flywheel历史目标核对.md","1540","8A40F794828D2A49A8269803B48FB57EFFE7ED24AFBA5CB713D0B80DBABB5586"
"D:\Workspaces\Artifacts\RadianceMCVRDecisionReview\20260915-030125-bbc60ca3\Reports\compat-loader-create.md","RadianceMCVRDecisionReview\20260915-030125-bbc60ca3\Reports\compat-loader-create.md","8557","BDB116645B61AAC1A307D11315CE0ACC72BADC72359085E7EA39D1144CDE049E"
"D:\Workspaces\Artifacts\RadianceMCVRDecisionReview\20260915-030125-bbc60ca3\Reports\compat-veil-sable-simulated.md","RadianceMCVRDecisionReview\20260915-030125-bbc60ca3\Reports\compat-veil-sable-simulated.md","80613","52B3F90639FE71067F95B3EC6F8B72352898027BCA81487E6C43FF76693735F0"
"D:\Workspaces\Artifacts\RadianceMCVRDecisionReview\20260915-030125-bbc60ca3\Revisions\20260915-040929-r2\PROGRESS.md","RadianceMCVRDecisionReview\20260915-030125-bbc60ca3\Revisions\20260915-040929-r2\PROGRESS.md","1460","41BCC9E915EEDA2E97007C2DCDEE7503FF6290A10F0671E9E418936731C93CA7"
"D:\Workspaces\Artifacts\RadianceMCVRDecisionReview\20260915-030125-bbc60ca3\Revisions\20260915-040929-r2\README.md","RadianceMCVRDecisionReview\20260915-030125-bbc60ca3\Revisions\20260915-040929-r2\README.md","2253","964C8FE61A55865B3F5E96FDC58074C5D5A84D577B3C20A27E11CFD256C8F1D5"
"D:\Workspaces\Artifacts\RadianceMCVRDecisionReview\20260915-030125-bbc60ca3\Revisions\20260915-040929-r2\Reports\恢复复核与源码漂移.md","RadianceMCVRDecisionReview\20260915-030125-bbc60ca3\Revisions\20260915-040929-r2\Reports\恢复复核与源码漂移.md","1921","E3C88AC788B98F117426F5535A46145E48FF09B5690A3CF9950347144976B9EB"
"D:\Workspaces\Artifacts\RadianceMCVRDecisionReview\20260915-030125-bbc60ca3\Revisions\20260915-040929-r2\Reports\兼容工作包汇总.md","RadianceMCVRDecisionReview\20260915-030125-bbc60ca3\Revisions\20260915-040929-r2\Reports\兼容工作包汇总.md","7053","20C3E266508BF06AD0C3E01CBCA8DB8059A8218F98C9194254E1F425CA2BBEEA"
"D:\Workspaces\Artifacts\RadianceMCVRDecisionReview\20260915-030125-bbc60ca3\Revisions\20260915-040929-r2\Reports\行为表.md","RadianceMCVRDecisionReview\20260915-030125-bbc60ca3\Revisions\20260915-040929-r2\Reports\行为表.md","651896","31A2E85F4F0F5E79720075C34161D76E75C436FCCCBE5D3A03944E0984F6818A"
"D:\Workspaces\Artifacts\RadianceMCVRDecisionReview\20260915-030125-bbc60ca3\Revisions\20260915-040929-r2\Reports\修订说明.md","RadianceMCVRDecisionReview\20260915-030125-bbc60ca3\Revisions\20260915-040929-r2\Reports\修订说明.md","1986","37F21D2B653830E059B4F5959593810E1AE25A813CEA9AC77BF0EBDB4F80F0E2"
"D:\Workspaces\Artifacts\RadianceMCVRDecisionReview\20260915-030125-bbc60ca3\Revisions\20260915-040929-r2\Reports\A-已有明确用户决定.md","RadianceMCVRDecisionReview\20260915-030125-bbc60ca3\Revisions\20260915-040929-r2\Reports\A-已有明确用户决定.md","65371","F0AA0D5A8C798852AA5415C15EF9415D49070C7EBFA56797F4B9A6F89AF8B898"
"D:\Workspaces\Artifacts\RadianceMCVRDecisionReview\20260915-030125-bbc60ca3\Revisions\20260915-040929-r2\Reports\B-真正未定的设计取舍.md","RadianceMCVRDecisionReview\20260915-030125-bbc60ca3\Revisions\20260915-040929-r2\Reports\B-真正未定的设计取舍.md","2013","F27556BB964BFB0A7F188EDF134CCA2F96189E671E42705987D4714429A3D809"
"D:\Workspaces\Artifacts\RadianceMCVRDecisionReview\20260915-030125-bbc60ca3\Revisions\20260915-040929-r2\Reports\C-技术核验与修复事项.md","RadianceMCVRDecisionReview\20260915-030125-bbc60ca3\Revisions\20260915-040929-r2\Reports\C-技术核验与修复事项.md","145240","546AA585DA9D2FE852E93B8AD5FB6431E3297181704ABA38AF03E84906471627"
"D:\Workspaces\Artifacts\RadianceMCVRDecisionReview\20260915-030125-bbc60ca3\Revisions\20260915-040929-r2\Reports\compat-state-groups.md","RadianceMCVRDecisionReview\20260915-030125-bbc60ca3\Revisions\20260915-040929-r2\Reports\compat-state-groups.md","41158","6466E46B201444D2A34B1AC96890761B80F8CBA97254AA1CBF89C5D2DA062253"
"D:\Workspaces\Artifacts\RadianceMCVRDecisionReview\20260915-030125-bbc60ca3\Revisions\20260915-040929-r2\Reports\geometry-corrections.md","RadianceMCVRDecisionReview\20260915-030125-bbc60ca3\Revisions\20260915-040929-r2\Reports\geometry-corrections.md","37022","2E7B50E2560928159B4F1F05B51B2B7F8DD3B183F3ABF841C3CE1F4B2040B34E"
"D:\Workspaces\Artifacts\RadianceMCVRDecisionReview\20260915-030125-bbc60ca3\Revisions\20260915-040929-r2\Scripts\README.md","RadianceMCVRDecisionReview\20260915-030125-bbc60ca3\Revisions\20260915-040929-r2\Scripts\README.md","806","B27732F4680CDD41E6B72647BEE8F8F95C7257A8AAAC51D03565213F2709C1AF"
"D:\Workspaces\Artifacts\RadianceMCVRDiagnosticCleanup\20260915-054902\PROGRESS.md","RadianceMCVRDiagnosticCleanup\20260915-054902\PROGRESS.md","1183","C90B4A915EC2CB78B67AB32B36506B824F63088C5882C4C9F03E1F9248B7D2B4"
"D:\Workspaces\Artifacts\RadianceMCVRDiagnosticCleanup\20260915-054902\README.md","RadianceMCVRDiagnosticCleanup\20260915-054902\README.md","5411","8E47A8DC8E13F1F1796D35D938C3617F937C6D791A925C55118700EB023E6F62"
"D:\Workspaces\Artifacts\RadianceMCVRDiagnosticCleanup\20260915-054902\Reports\functional-diagnostic-boundary.md","RadianceMCVRDiagnosticCleanup\20260915-054902\Reports\functional-diagnostic-boundary.md","14505","F45A349555D86B9A66E83ECADB9F421122B9D3188501216CDDD97DC3840E5B21"
"D:\Workspaces\Artifacts\RadianceMCVRDiagnosticCleanup\20260915-054902\Reports\java-cleanup.md","RadianceMCVRDiagnosticCleanup\20260915-054902\Reports\java-cleanup.md","4963","8BAB4B1D4E0EEC31986A5043E15A72B313F091F88720E0CFF1B693E17BC23D2F"
"D:\Workspaces\Artifacts\RadianceMCVRDiagnosticCleanup\20260915-054902\Reports\native-cleanup-details.md","RadianceMCVRDiagnosticCleanup\20260915-054902\Reports\native-cleanup-details.md","7609","9173CF4357A2E7264D021CAF596052F4F63DE65397585BA41648DC82AF6AF48E"
"D:\Workspaces\Artifacts\RadianceMCVRDiagnosticCleanup\20260915-054902\Reports\native-progress.md","RadianceMCVRDiagnosticCleanup\20260915-054902\Reports\native-progress.md","2716","0ED0F22233D1DDE4F6555EF567E4D4EF37AFD1D972E279EE2D30922A23E9ACC3"
"D:\Workspaces\Artifacts\RadianceMigration\N0_N1_IMPLEMENTATION_STATUS.md","RadianceMigration\N0_N1_IMPLEMENTATION_STATUS.md","3703","FCED35977F9E1E1C7C43DF26F9BF2675BC6B8165FA67409DEEA08C70CF5C9A08"
"D:\Workspaces\Artifacts\RadianceMigration\RADIANCE_DECISION_LEDGER.md","RadianceMigration\RADIANCE_DECISION_LEDGER.md","5832","343B72780012F48948C58A9294300AE9F41B193053777D50BF07E75332845351"
"D:\Workspaces\Artifacts\RadianceMigration\RADIANCE_PORT_MIGRATION_INVENTORY.md","RadianceMigration\RADIANCE_PORT_MIGRATION_INVENTORY.md","8657","30F3018AD63E3642827005B0A8D3A1BA98D5783890DF2C2DB4A1E83D990C2159"
"D:\Workspaces\Artifacts\RadiancePhase1B\RADIANCE_PHASE1B_TECHNICAL_QUALIFICATION.md","RadiancePhase1B\RADIANCE_PHASE1B_TECHNICAL_QUALIFICATION.md","31450","836D42B30AAFB290FA0BF38FF4C93F124A87617DEC4742EFFF37420C5D8CA080"
"D:\Workspaces\Artifacts\RadianceUpgrade\20260918\deployment-fg-rework.json","RadianceUpgrade\20260918\deployment-fg-rework.json","792","9E5316376D9FF5FF1CFAE1E6BC8A5A1EFDE0C36D068622B7BB976E72446A4EC4"
"D:\Workspaces\Artifacts\RadianceUpgrade\20260918\deployment.json","RadianceUpgrade\20260918\deployment.json","792","C7D3D88AD75FD8A0EB22E27C4AA2D92FCA29D76F594212051578A7DBD3DAF0A4"
"D:\Workspaces\Artifacts\RadianceUpgrade\20260918\f3-fps\CHANGE.md","RadianceUpgrade\20260918\f3-fps\CHANGE.md","2372","969E5B04880E65E9E28CC82CB19F3CEA6BD76291FAC9C280B17910984CF21547"
"D:\Workspaces\Artifacts\RadianceUpgrade\20260918\f3-inline\CHANGE.md","RadianceUpgrade\20260918\f3-inline\CHANGE.md","2444","34D321561446FEE515ECE6FA9D35285D551E474EE5A62DB06411F094612D0C9B"
"D:\Workspaces\Artifacts\RadianceUpgrade\20260918\f3-pie\CHANGE.md","RadianceUpgrade\20260918\f3-pie\CHANGE.md","1629","1D206D18108112ED059D23D12B8D137E30E91622FEA036DB1870107BF26FDAD1"
"D:\Workspaces\Artifacts\RadianceUpgrade\20260918\fg-investigation\INVESTIGATION.md","RadianceUpgrade\20260918\fg-investigation\INVESTIGATION.md","8691","4986A5E0A7CEA6FB208B264EDB66C357F41EDE82BBFB4B6C83E7070B9D199FFB"
"D:\Workspaces\Artifacts\RadianceUpgrade\20260918\pipeline-gui-scale\CHANGELOG.md","RadianceUpgrade\20260918\pipeline-gui-scale\CHANGELOG.md","870","AE38B4C85197AD9D43E2868EA6F35103E974E39D8EF9766E457CB53794E14B44"
"D:\Workspaces\Artifacts\RadianceUpgrade\20260918\reflex-assessment\ASSESSMENT.md","RadianceUpgrade\20260918\reflex-assessment\ASSESSMENT.md","7886","5901897131110343DD0A537C6B3A55BF84C5A6CA422B0D6E41B5165404EAC7B4"
"D:\Workspaces\Artifacts\RadianceUpgrade\20260918\streamline-assessment\ASSESSMENT.md","RadianceUpgrade\20260918\streamline-assessment\ASSESSMENT.md","11558","786A01843515DA179DB985BE95E57AF247D90066B274B486B4E7AAD11F71B2E5"
"D:\Workspaces\Artifacts\RadianceUpgrade\20260918\streamline-implementation\deployment.json","RadianceUpgrade\20260918\streamline-implementation\deployment.json","3220","36A0F3CF1879E7C8B2973422FAE177008E8B4D02C278CDB08269B560C3ADEE60"
"D:\Workspaces\Artifacts\RadianceUpgrade\20260918\streamline-implementation\IMPLEMENTATION.md","RadianceUpgrade\20260918\streamline-implementation\IMPLEMENTATION.md","7745","C262130948B95165E5C2E96A13210B7BBCCACEBB85D7BFFFF2228510795BDAC2"
"D:\Workspaces\Artifacts\RadianceUpgrade\20260918\UPGRADE.md","RadianceUpgrade\20260918\UPGRADE.md","8472","CE66686EA89BD370F8DD39A60AF7E6ABA85B54494F2D8808A6B1B9625E21795A"
"D:\Workspaces\Scratches\RadianceAeronauticsCompatAudit\audit-report.txt","ScratchCore\RadianceAeronauticsCompatAudit\audit-report.txt","821","A5EEDEB2ABDAC4F2C58372EBB61E9D885EC5B0ECA1F95854A05F42D50A344DEC"
"D:\Workspaces\Scratches\RadianceCheck-20260910\documents\development\audit-port-coordination.md","ScratchCore\RadianceCheck-20260910\documents\development\audit-port-coordination.md","14467","5F0621BE45696677C00FB0C3D493074B0AB9C909D1ABF1899EC9F43E577450AE"
"D:\Workspaces\Scratches\RadianceCheck-20260910\documents\development\audit-port-mapping.md","ScratchCore\RadianceCheck-20260910\documents\development\audit-port-mapping.md","41291","1AB0AA3CDD5CFD4BCA024928F15676D470B22E330164FD37D7A36D3DFAD5026B"
"D:\Workspaces\Scratches\RadianceCheck-20260910\documents\development\audit-port-review.md","ScratchCore\RadianceCheck-20260910\documents\development\audit-port-review.md","13110","E68226C6325A094D1F1C96F3AC61E1C3047B9DE99252B742A37CE3A076E2072B"
"D:\Workspaces\Scratches\RadianceCheck-20260910\documents\development\audit-port-status.md","ScratchCore\RadianceCheck-20260910\documents\development\audit-port-status.md","44792","A359C69F02DCFFB6D2E8B415FA25DBD296C9092D3664124E4926AD4D1B4CDF3D"
"D:\Workspaces\Scratches\RadianceCheck-20260910\documents\development\audit-port-upstream.md","ScratchCore\RadianceCheck-20260910\documents\development\audit-port-upstream.md","53791","0A0602F9BB65BD3201753AC7788B3737B6EF864B4EF7AF5EEA094F9FE464B882"
"D:\Workspaces\Scratches\RadianceCheck-20260910\documents\development\build-vulkan-renderer.md","ScratchCore\RadianceCheck-20260910\documents\development\build-vulkan-renderer.md","7559","04D21D45F10E7FF060568B0AB2D1D7D93D236F36B546FFBC4C6180E27277DF44"
"D:\Workspaces\Scratches\RadianceCheck-20260910\documents\development\guide-configuration.md","ScratchCore\RadianceCheck-20260910\documents\development\guide-configuration.md","11774","BA3D0A1548FC8CCC846638984BAC38EEBBF61D5F139F4E18DB79E6FE132A725A"
"D:\Workspaces\Scratches\RadianceCheck-20260910\documents\development\migration-mcvr-history.md","ScratchCore\RadianceCheck-20260910\documents\development\migration-mcvr-history.md","6880","A3503D3E2838252B508F32354020FE08B174F260993DF9B6AF777C31B6C9C913"
"D:\Workspaces\Scratches\RadianceCheck-20260910\documents\development\migration-target-layout.md","ScratchCore\RadianceCheck-20260910\documents\development\migration-target-layout.md","5735","892DCD63F901D7A3A66A476291198A829D1C006B44D76519DC9E8CB4D5CAAC2E"
"D:\Workspaces\Scratches\RadianceCheck-20260910\documents\development\migration-template-configuration.md","ScratchCore\RadianceCheck-20260910\documents\development\migration-template-configuration.md","8447","437B24D09C8F437437AFA28010DCF96A6D7EAEE856CE83C8C129BCA191966662"
"D:\Workspaces\Scratches\RadianceCheck-20260910\documents\project\status-port-readiness.md","ScratchCore\RadianceCheck-20260910\documents\project\status-port-readiness.md","17935","D7E4BD5FDB0669314D27FCD4CADBF66CFD4F3392588FD6584D19F089BC0301E6"
